73115428386231,+61-476-638-819,Brandy Shaw,"84 /  8 Shannon Mew Port Michaelberg, NSW, 2692",sydneythompson@hotmail.com.au,2014-05-31 12:12:19
82068086383519,(08)-5168-4243,Nathan Kelly,"6 Kim Circuit Port Marystad, VIC, 2941",farrelllisa@hotmail.com,2012-08-18 15:59:24
55770006234036,+61-2-0198-1874,Elizabeth Price,"9 James Lower Craigburgh, TAS, 2650",rsmith@shelton-smith.net,2013-01-25 18:28:08
78085183605218,(03)66658192,Mary Montgomery,"035 Chad Circle Lake Paulamouth, WA, 4898",kyle69@caldwell-guerra.net,2013-01-05 12:20:14
33714283828260,76331126,Samantha Decker,"7 Pruitt Underpass North Jerry, QLD, 2920",mjordan@howard.biz,2014-05-18 02:15:25
70720888363679,0469 000 986,Jennifer Wilson,"38 Michael Highway South Carolynfurt, SA, 2950",davidhenderson@martinez-williams.net,2012-08-19 04:47:10
71342510553560,0453 789 064,Blake Miller,"Suite 858  074 Wesley Pocket Cunninghammouth, WA, 2135",nicholasbarnes@hotmail.com,2012-12-17 01:43:54
07885185265233,+61 482 534 618,Sara Thomas,"Flat 88  5 Reilly Viaduct West Michaelburgh, QLD, 2971",antonioturner@barnes.net,2011-11-20 13:59:34
52046346546528,07 0128 0109,Amanda Odom,"Apt. 363  1 Wood Centre Williamsberg, VIC, 2927",urobertson@pierce-webb.com.au,2014-01-16 19:53:24
00883385308468,+61-7-2435-3975,Laurie Stephens,"Level 0  1 Bryant Tollway New Timothyton, WA, 2104",nrussell@greene.com.au,2012-11-27 07:34:51
27664182751708,0880357630,Mary Saunders,"564 /  855 Blackwell Block Doughertyfort, NSW, 2908",james18@padilla-jackson.org,2012-01-19 23:22:11
43814550148860,(07) 3912 9999,Bob Jones,"55 Brian Promenade Lake Sharon, WA, 2148",tmarshall@gonzalez.net.au,2013-08-05 16:43:19
70800134770011,+61229521019,Andrew Nichols,"71 Phillips Steps Glassfurt, WA, 3550",jacob42@wilson-mccullough.org.au,2014-05-20 00:14:51
40106281406608,0290377580,Rebecca Gonzalez,"418 Jenkins Thoroughfare Ramseystad, ACT, 5889",rileythomas@logan.net,2013-01-22 16:25:30
86533141274300,0495.104.911,Emma Zimmerman,"715 Adams Trailer East Robert, NSW, 2649",michael85@smalllake.com.au,2012-02-11 03:12:29
78248600781022,6231.6893,Michelle Olson,"Apt. 356  0 Cristian Park Jillborough, VIC, 2979",wdavidson@smith-rivera.com,2014-03-06 12:31:00
68372283762321,2082.3624,Jeffrey Schwartz,"227 Erica Ride Lake Alexandraport, NT, 2606",james02@gmail.com,2013-06-30 17:24:13
66204343533469,2230.9835,Charles Avila,"Suite 668  7 Lynch Range Lindsayside, SA, 4403",paulmayo@robinson.org,2012-10-01 03:02:23
33602087356807,(03) 0482 6387,Eddie Williams,"Unit 01  726 Kayla Byway Stevenport, QLD, 2646",jennifergardner@smith-navarro.org,2014-06-23 09:30:11
44000385653826,(07)-4339-5491,James West,"0 Moreno Follow Lake Thomas, NT, 2671",davidwilson@yahoo.com,2013-08-28 06:19:05
06657180188025,+61-495-976-334,Courtney Jones,"Unit 30  3 David Round West David, TAS, 2648",rsantiago@yahoo.com.au,2013-03-05 03:25:28
18188066761867,1137-7733,Megan Rodriguez,"Suite 294  968 Beck Dell Frenchview, QLD, 2607",uwang@davis.com.au,2011-12-11 10:11:46
06023206312139,(03) 6612 1129,Mrs. Carrie Stevens,"43 Hayden Circus Lake James, TAS, 2415",johnscrystal@wagner.biz,2013-04-06 06:50:38
12060804242813,0480 175 391,Monica Villanueva,"Apt. 377  209 Stanley Circuit South Aaronstad, ACT, 2672",rachelrush@yahoo.com,2013-09-06 01:41:28
65537660857874,0481.130.956,Sara Burch,"0 Rose Gap East Stevenport, VIC, 2695",wilsoncarl@johnson.org,2014-08-10 13:07:13
03041078104322,02 9744 0639,Ashley Patterson,"Apt. 160  028 Waters Trunkway Richardton, WA, 8241",rhondaballard@romero.org,2013-11-10 22:46:40
37504522617383,+61.403.872.234,Luke Miller,"4 Benjamin Highway Burnsview, QLD, 2667",gsosa@carter-mccormick.edu,2013-05-13 07:20:07
54846382752456,+61.8.7352.5479,Ashley Hawkins,"98 /  0 Franco Tollway Williamberg, NT, 0818",joseph20@smalllake.com.au,2013-09-11 14:10:59
58127270783650,8168 4789,Jasmine Green,"Apt. 189  873 Foster Nook St. Moniqueton, NSW, 0841",lramirez@yahoo.com,2014-05-18 16:00:40
17655704828385,0447-337-697,John Mccoy,"95 Mueller Cove Jacquelinehaven, SA, 3656",mariaschroeder@fleming.org,2014-05-08 08:08:31
38165856121874,(03) 3595 8363,Michelle Fleming,"7 /  2 Gonzales Walkway Johnville, VIC, 2669",zhill@miles.com,2013-07-01 14:57:42
56681664752782,02 9242 6495,Allison Cox,"Unit 68  25 Tate Slope Murrayfurt, ACT, 2985",johnsonmichael@warren.com,2013-10-13 20:05:42
13006132858613,+61 400 152 148,Elizabeth Contreras,"Apt. 408  3 Rodriguez Right Of Way Heatherburgh, SA, 0927",archerchristian@johnson.biz,2014-04-25 08:21:40
62030088660829,07-0111-7236,Steven Riley,"Level 4  719 Owens Mew Lucaston, TAS, 2920",hbecker@wilson.net.au,2012-12-20 16:39:29
38882080377146,03.0975.6381,Natalie Wright,"87 Delgado Ride Perezfurt, VIC, 7420",matthewmcneil@yahoo.com.au,2013-10-28 12:07:50
12522083183568,(07) 8170 6608,Cody Wright,"Unit 74  824 Miller Cove Arianaburgh, WA, 2936",michelle18@wilcox.edu,2013-05-27 19:33:10
05434580742147,88468335,Elizabeth Collins,"37 /  090 Kara Edge North Margaret, SA, 2746",eric89@yahoo.com.au,2014-04-11 08:16:03
61156251066530,0435-490-042,Mary Bruce,"61 Douglas Follow West Carlburgh, NSW, 2290",millergeorge@yahoo.com,2014-06-07 16:56:00
82107634347650,+61.7.9741.6638,Daniel Molina,"43 Michael Lees North Benjamin, NT, 2911",johnsoncynthia@carson.net,2011-11-20 20:11:01
51732081042488,+61753362313,Mrs. Elizabeth Jones DDS,"31 Rodriguez Trailer Thomasborough, WA, 7276",xlong@hotmail.com.au,2014-08-09 07:38:24
84572054378234,08 2048 4736,Nicholas Kennedy,"07 /  99 Stacy Ridge Weaverfurt, TAS, 2691",cmyers@robinson-guerra.biz,2014-06-01 14:22:13
06123884022523,+61.2.8097.8592,Allison Perez,"364 Christopher Access Laurentown, TAS, 4846",reesefrederick@marsh-murray.com.au,2013-12-08 01:27:59
36254326550885,(07).0650.7293,Henry Jones,"3 /  599 Marissa Glade Wendyside, NT, 2619",paulshepard@zhang-lane.com.au,2013-07-31 01:21:15
12311010475200,02-4692-2897,Dean Kramer,"Unit 05  11 Willie Grove West Peterbury, NSW, 2292",samueladams@davis.info,2014-04-04 06:55:23
53832465178142,+61-3-2679-8950,Edward Wade,"268 Jessica Park New Kelseyberg, VIC, 4394",simpsonkimberly@hotmail.com,2014-08-02 19:03:03
68337666242515,08-3416-4727,Brent Padilla,"21 Jeffrey Thoroughfare Edwardsberg, TAS, 0956",vincentmiller@hotmail.com.au,2013-09-12 02:43:28
71440167652138,6173.6996,Grace Lopez,"0 Michael Street Jamesmouth, QLD, 2218",ashley98@johnson.com.au,2013-05-15 21:23:36
88608006841054,+61.489.179.329,Stephen Williams,"03 /  015 Rogers Freeway Avilachester, SA, 2869",halllauren@hotmail.com.au,2013-04-11 09:39:04
25617107862280,(03).5609.9218,Nancy Rose,"7 Elizabeth Riverway Joshuafurt, QLD, 2933",jamie46@yahoo.com.au,2013-05-10 14:24:16
25040437055855,+61842207704,Susan Morgan,"170 Frank Alley Dukeville, ACT, 2946",shuber@chen.biz,2013-12-31 19:05:11
22001841047050,+61 8 4631 7428,Karen Ward,"Level 6  9 Morris Court Spearsmouth, SA, 2784",efernandez@clarke-morris.net.au,2013-11-19 10:55:51
88624248111678,0567-7968,Barbara Bell,"40 Jeffrey River South John, NT, 2600",stephanie12@bryant-henderson.net.au,2012-09-30 03:41:42
08484386758345,0451-308-836,Sara Tate,"Suite 685  9 Navarro Copse Heatherstad, ACT, 2928",scottrobert@house.com.au,2013-08-20 22:46:05
03043841667869,+61.494.294.134,Michael Ritter,"Unit 60  07 Hall Piazza Holmeston, WA, 2689",benitezderek@gmail.com,2011-09-06 19:15:23
45003741602483,(07)01815588,Amy Giles,"29 Jerry Alley St. Keithshire, QLD, 2648",lynnrachel@ramirez.org.au,2012-12-20 04:19:26
31425620125888,+61-464-844-791,Kerri Gonzalez,"41 Tiffany Bypass Raymondhaven, ACT, 7102",cantunancy@smalllake.com.au,2011-11-15 16:58:56
64772254081504,0414-534-827,Karen Smith,"Unit 28  340 Chung Gate St. Brenda, TAS, 2920",jlynch@hotmail.com,2011-11-18 16:45:34
31820445380636,0492.772.557,Jeffrey Underwood,"3 Julia Bend Markberg, NT, 0814",barbarajohns@hotmail.com.au,2013-02-05 11:01:59
50781576157636,0757340628,Timothy Taylor,"Level 5  9 Vicki Point North Codymouth, ACT, 3954",williamsgerald@jackson.net,2014-04-07 02:50:58
88572316173313,1217 7842,Katrina Hancock,"7 Guerrero Highway Jessicaview, NSW, 1463",uharris@gmail.com,2012-04-05 04:13:22
57456331016259,+61-452-546-036,Michael Lee,"6 Robert State Highway North Danielleview, NT, 2919",starkcory@smalllake.com.au,2013-07-26 22:12:20
76371268824057,0272228492,Katherine Rowland,"9 Johnson Rue West Bethanytown, VIC, 2357",juanmartinez@yahoo.com.au,2013-05-14 14:56:25
18263682454306,08-4856-6978,Steven Buchanan,"55 Thomas Heights Charlesstad, VIC, 2940",gerald54@yahoo.com.au,2012-12-06 09:40:39
86212466657042,03 8276 7556,Robin Peck,"75 Adam Park Kevinchester, NSW, 2478",brianleach@brown.com,2012-02-19 08:44:02
32205343012300,0413-040-829,Catherine Crawford,"491 Mcgee Glade West Deannaton, QLD, 0250",guerreronicholas@hotmail.com.au,2014-06-26 20:26:18
21887803087036,+61828015187,Gregory Graham,"90 Stevens Interchange Port Thomas, VIC, 2645",robert17@yahoo.com.au,2013-01-30 01:28:09
68013051508634,+61 488 595 342,Sherry Mccann,"337 Jay Quad Dianachester, QLD, 9609",smithmark@hotmail.com,2013-03-23 18:32:42
52382763635287,4081.0631,Alison Rodriguez,"Level 1  4 Marissa Frontage Reedmouth, VIC, 2965",lmontgomery@alvarez.com,2012-03-09 11:45:29
34323806180828,9281.7092,Joann Romero,"73 /  14 Lynn Upper New Joseburgh, TAS, 2983",dbarker@yahoo.com,2011-12-11 14:54:33
81150151018421,3144 9444,Mary Brown,"7 /  239 Stevenson Freeway Port Kristinemouth, VIC, 0823",grantjuan@hotmail.com,2012-08-10 10:40:28
70221007673343,(07)-7447-5186,Lori Friedman,"704 Jason Route St. Tammystad, ACT, 2945",guzmancarolyn@ellison.org.au,2013-05-24 08:14:25
24585146644026,02 5079 4596,Angela Wilkinson,"085 /  75 Dominguez Cruiseway Cynthiaburgh, NSW, 2937",jasonroberts@hotmail.com,2012-01-03 22:30:15
02117865418763,+61 8 0587 1956,Robert Kelly,"Flat 17  1 Jared Outlook Waynetown, QLD, 9501",danny96@yahoo.com,2013-02-06 22:20:54
08078363021014,+61-8-2523-4848,Joshua Harper,"55 Donovan Lower West Shannon, ACT, 2782",powerscourtney@yahoo.com,2013-05-12 23:50:15
35477670553533,0232437977,Rickey Lane,"0 Angela Cruiseway Lopezview, WA, 2922",yporter@flores-finley.org,2011-12-25 15:53:28
07577428866574,2554-9451,Trevor Brown,"Flat 61  476 Moran Gates West Christopher, SA, 2919",gary41@gomez-santiago.biz,2014-03-15 10:52:01
06480054566147,(08) 2421 3064,Mark Woods,"Flat 72  55 Jennifer Motorway Lake Jason, NT, 0987",qwiley@hotmail.com,2011-12-26 08:48:01
65268684050419,08-2383-0937,Emily Nichols,"3 /  53 Matthew Meander North Suzanne, SA, 2155",kayla63@yahoo.com.au,2012-10-29 02:53:04
52524303416200,(02).2131.2350,Kimberly Norman,"Flat 19  324 Charles Mews Brownville, QLD, 4044",nvillarreal@yahoo.com.au,2011-10-11 12:36:52
14155757331853,6334 5907,Brian Lynch,"Level 9  017 Virginia Promenade Arthurberg, VIC, 2059",russellcourtney@smith.org,2013-06-10 19:51:35
43803611673604,(03) 5259 2778,Sarah Kaiser,"280 Holland Sound Lindseystad, QLD, 2998",barbarareyes@knight.biz,2011-12-03 01:51:09
67208385466657,+61-447-496-825,Gary Sanchez,"21 /  889 Rose Esplanade Benjaminstad, NT, 0948",vmitchell@smalllake.com.au,2014-02-28 22:09:16
53681851681478,(03).4552.9405,Terry Williams,"80 Julia Block East Johnport, SA, 2608",tellis@colon.org.au,2013-07-13 09:53:37
00453260573103,+61.498.619.569,Jason Lee,"7 Cunningham Port New Justintown, NSW, 2107",taustin@anderson-wright.net,2014-08-03 11:26:26
74471146815679,0475.940.774,Brittany Johnson,"333 /  3 Sabrina Meander Hernandezborough, ACT, 0815",brenda15@fuller.com.au,2012-08-15 00:12:01
75655878655412,07.9537.7145,John Mitchell,"058 Ryan Riverway West Allen, WA, 4553",hunter41@gmail.com,2013-08-08 16:52:00
82630787816601,0441.903.426,Michael Shepherd,"Level 5  2 Ortiz Roadway South Stacy, TAS, 0296",haleyhenderson@hotmail.com,2014-01-02 12:18:30
24015743141126,0436 873 635,Vanessa Willis,"49 Brittney Chase St. Ronald, SA, 2741",williamsalicia@morton.net.au,2012-12-02 16:09:57
33663844853342,2625-5734,Jennifer Harris,"Level 4  850 Kayla Fire Track Travisland, SA, 2651",livingstonkrista@yahoo.com,2013-04-10 22:52:47
14030127025274,+61 452 237 440,Deborah Kane,"Flat 67  7 Silva Basin North Mariatown, TAS, 0825",sduncan@spence-smith.org.au,2014-02-27 19:45:04
78286628076342,(08) 1613 6995,Brandon Ramsey,"74 Kevin End North Katherineburgh, NSW, 2972",keith00@yahoo.com,2013-02-17 21:21:25
53362343070259,7452-1218,David Valencia,"6 Theresa Ronde West Donna, VIC, 2969",geraldclements@schwartz.biz,2012-09-07 19:33:37
86477640666214,+61727535266,Larry Hunter,"47 Gibson Towers Jeromehaven, WA, 2931",dbarry@holmes-mills.info,2012-04-08 23:42:56
48244055448249,4016.7592,Dawn Robinson,"72 Jones Siding Kerrton, TAS, 0969",bowentiffany@smalllake.com.au,2012-07-08 19:06:33
01236443307801,+61.7.3447.9754,Mr. Bobby Munoz,"02 Miller Walkway West Dennisfort, SA, 7557",amandamorales@gmail.com,2013-09-19 14:27:24
84188776784210,(02).9807.7236,Laura Schmidt,"569 Kimberly Roadway Petersonton, TAS, 2550",umiller@yahoo.com.au,2014-05-19 11:40:41
11080131855012,0462 396 650,Chad Sandoval,"74 Carrie Tarn East Desireeland, QLD, 2930",nguyenrandy@yahoo.com.au,2012-02-13 03:07:55
85706551574801,+61-442-493-191,Caroline Griffin,"Flat 78  5 Brown Tollway West Eddiefurt, VIC, 2385",josegeorge@hotmail.com,2013-11-15 13:44:57
13467681126163,+61-463-942-693,Victoria Hall,"1 Wilkinson Alleyway Richardhaven, NSW, 7983",robinkeith@yahoo.com,2014-07-26 11:09:45
08438223783424,07 4608 8050,Michael Nelson,"Unit 06  520 Brandon Brace Port Clayton, ACT, 2433",lisa27@gmail.com,2013-03-02 15:45:50
20062657111446,+61 2 9555 7502,Bryan Mckinney,"8 Chad Common Barronborough, WA, 2691",lanericky@gmail.com,2012-04-19 08:18:49
72462130844481,0483-656-858,Taylor Howard,"Flat 52  3 Wise Promenade North Anthonyville, NSW, 2985",jeffmoss@yahoo.com,2012-02-02 00:51:22
25364865422677,+61 417 644 475,Alexander Lamb,"8 Melissa Esplanade New Charles, TAS, 2917",ihooper@yahoo.com.au,2014-03-25 10:16:30
11343363575215,+61.3.1719.1642,Justin Barnes,"007 Charles Rotary Coreyport, QLD, 2304",ashley18@hotmail.com,2014-05-07 04:24:45
17208711141889,+61-479-059-813,Karl Mitchell,"25 George Circle St. Davidfurt, NT, 2418",john72@schultz.edu,2013-07-28 07:51:00
64862320840330,(02).2630.2190,Matthew Shelton,"5 Morrison Quad Mccoyburgh, TAS, 4383",thomasjeffrey@hotmail.com.au,2014-07-14 11:19:32
20456240340477,08-5767-0529,Rachel Rosario,"14 Hector Intersection Padillaberg, NSW, 2626",garciabarbara@chavez.org,2012-06-26 08:05:42
30052786533186,(02) 0661 9833,Catherine Holmes,"Flat 62  573 Rogers Ride North Richard, ACT, 2925",fhardy@davis.org.au,2013-06-16 14:05:16
22881258742005,0486 461 649,Cheryl Gonzalez,"4 Fox Boulevard New James, VIC, 2956",andersondanielle@yahoo.com,2013-04-03 14:03:49
62684037132823,0473 410 023,Sarah Mills,"998 Shannon Brow West Natalieville, TAS, 2701",michaelhull@george.org.au,2013-05-18 12:37:58
85030260565667,02.3310.1881,Patrick Henderson,"Apt. 138  16 Salinas Common New Gregory, NSW, 2037",choimary@hotmail.com,2012-07-20 12:35:21
31675034275743,0730032002,Stephen Hernandez,"826 /  5 Walker Trunkway Lake Stevenville, WA, 2919",brandi41@hotmail.com,2013-12-10 13:56:15
66546678357541,0407-964-384,Beth Kerr,"75 Mora Riverway North Johntown, NSW, 2627",monica10@gmail.com,2014-05-12 10:54:27
81774223564512,8603 5216,Benjamin Garcia,"Suite 315  1 Ross Interchange St. Justin, WA, 7590",xparker@hotmail.com,2012-12-04 00:41:35
16715741251456,+61.460.817.526,Angela Nelson,"Flat 89  0 Miranda Parkway Henryhaven, SA, 0828",cristina10@gmail.com,2014-08-02 04:21:25
51812502452648,08.3862.9580,Janet Tucker,"165 Sarah Circlet Leonfurt, ACT, 0998",twoods@gmail.com,2011-10-18 06:09:15
52727332045172,62865283,Michael Foster,"97 /  00 Stephanie Mews Charlesside, ACT, 3493",dennisreynolds@gmail.com,2014-01-22 19:21:46
71677731100166,8096-5855,Keith Bass,"Apt. 561  76 Laura Quay Powellfort, NT, 2100",barbara46@yahoo.com,2014-01-09 17:04:51
44084246874717,8533-1470,David Garcia,"70 Lopez Gardens Pagestad, VIC, 2615",youngkatherine@smith.org,2013-09-16 10:01:31
01738886664856,08 6241 0679,James Bowman,"9 /  175 Brenda Avenue Simmonsborough, NSW, 0890",fhall@hotmail.com.au,2014-02-20 21:16:59
37378748272544,03 8437 4321,Lisa Hays,"Flat 41  225 Matthew Court Padillahaven, NT, 2609",rjenkins@yahoo.com,2014-01-27 02:41:30
34080332765552,(03) 2925 9806,Ian Brown,"098 Andrew Retreat Thomashaven, ACT, 2389",qrose@becker-miranda.org.au,2012-08-28 13:19:34
52623265682086,(03).5992.8335,Mark Adams,"01 Yoder Piazza Barronburgh, VIC, 2947",jennifer65@lewis.net.au,2013-01-27 15:20:02
11353257346513,(02)51980065,Elizabeth Beck,"Suite 672  8 Robinson Dale South Angela, NT, 2669",wilkinsonmichael@gonzalez-clark.org,2014-05-14 02:29:21
60155001711174,0432-560-182,Terry Meyers,"1 /  872 Palmer Quadrangle Lake Kathleen, VIC, 2914",kylereyes@smalllake.com.au,2013-05-13 15:00:24
81105134528767,07.6784.9303,Lisa Moore,"9 Perkins Follow Rodneyside, NT, 2934",campbellangela@mason.com.au,2011-11-20 08:59:30
23358657526770,0426 981 597,Brent Porter,"76 Russell Bridge Simsport, VIC, 2829",tinamatthews@gmail.com,2011-12-02 03:55:40
38706234763330,0417-585-694,Jane Henderson,"32 /  6 Cristina Sound West Timothy, WA, 2657",amy05@hotmail.com,2011-10-03 03:30:48
25300751581147,+61.2.0851.4731,Joseph Hughes,"0 /  7 Mosley Quadrant St. Kevin, ACT, 2923",phelpschelsea@hotmail.com,2011-12-27 08:36:32
21141017548557,+61-3-3945-3095,Mark Duarte,"Unit 61  687 David Formation Lake Valerieberg, VIC, 2973",suzanne88@hotmail.com.au,2013-04-14 14:46:55
48054845740548,+61.8.9996.0570,Elizabeth Hernandez,"241 Leah Nook Scottberg, VIC, 2937",rebecca55@gmail.com,2013-02-11 05:37:06
18626131106428,0767.4958,Catherine Pham,"4 Johnson Gardens Mariaside, ACT, 2629",alison70@hotmail.com,2012-11-19 14:00:34
26236120557346,39043096,Nathan Griffin,"Suite 996  047 Dylan Riviera St. Austin, TAS, 2996",miranda72@hotmail.com,2012-09-30 07:27:14
54403208646568,4421-8731,Edward Byrd,"9 Francisco Colonnade St. Virginia, TAS, 2954",ashannon@cohen-lee.com.au,2011-09-29 00:54:06
57517530415156,03 1902 7485,Jerry Russell,"3 /  258 Walsh Pass Michaelland, NT, 2827",ugomez@gmail.com,2014-06-12 03:38:04
36256227121057,+61-2-4445-0105,Eric Gonzalez,"Apt. 157  7 Mccarthy Colonnade West Kaitlynfort, NSW, 4041",powellkatelyn@stevens.org.au,2013-09-21 09:31:44
37367607576367,0417.771.785,Douglas Martin,"Apt. 670  86 Michael Ronde Melissaburgh, SA, 2660",robinsonsteven@hotmail.com,2011-09-15 08:58:09
70427101284032,+61 3 5530 6604,Jamie Brown,"19 /  522 Theresa Roads New Kimberly, NSW, 2668",ianthony@yahoo.com.au,2012-02-20 09:45:28
05411044582629,+61731192892,Deborah Webster,"Apt. 916  7 Davenport Grove Englishbury, SA, 2945",tjohnson@yahoo.com.au,2012-07-27 05:02:54
68562077488446,+61-496-329-029,Brad Johnson,"55 Emily Thoroughfare Patrickhaven, WA, 2962",nelsonconnie@smalllake.com.au,2014-07-05 14:31:44
22408155508635,+61.2.5751.6278,Keith Dennis,"990 Ortega Crossway New Melaniebury, WA, 2984",edwardwest@middleton.info,2013-11-02 06:48:30
66271226568400,0482 452 327,Taylor Bryant,"5 Henderson End South Maryfurt, NSW, 8917",wallacejulie@smith.com.au,2013-05-04 00:06:20
17227082600187,07-8770-6756,Mr. Ryan Parker DDS,"Apt. 511  650 Dustin Rue Stephenshire, WA, 2065",delgadobrianna@thompson.edu.au,2013-10-04 04:14:17
25161250286503,(02)30860502,Michael Reyes,"Suite 142  66 Griffin Motorway South Douglas, NSW, 4305",moorerachael@gmail.com,2014-04-19 01:36:18
45717122506534,(03) 0068 7313,Jared Morgan,"925 /  3 Sanchez Parklands Wellsville, NSW, 2638",wendycook@jones.net.au,2013-01-12 12:42:00
14268840872725,(07).7333.8160,Alfred Jenkins,"4 Tony Loop North John, TAS, 2635",jeanhenry@hotmail.com.au,2014-07-13 14:00:44
04365164671508,(03)78085373,Richard Gutierrez,"3 Joel Boulevard South Johntown, NSW, 0225",ugibson@farmer.net.au,2014-02-08 09:58:41
16315806800672,+61313705800,Donna Dennis,"8 Dana Ring Richardsonmouth, NT, 2601",uparker@duran-carlson.edu,2013-08-04 18:10:56
27471205434654,+61-2-2797-4514,Becky Cox,"5 David Upper Josephton, ACT, 7572",brightbradley@yahoo.com,2013-01-26 04:57:23
28117035865101,08.0611.3782,Michele Jones,"Suite 429  64 Heather Street Lake Alisonport, SA, 2694",nicholas06@yahoo.com.au,2012-11-10 11:37:22
55476530056570,08.1691.4110,Karen Wilson,"Level 9  005 Mcdonald Key Maureenport, NT, 0939",jose23@hotmail.com,2012-01-19 09:09:44
34516531464739,4348-1920,Christopher Moses,"316 Mccarthy Beach East Tracy, TAS, 2910",andrewblackburn@hotmail.com,2014-01-29 11:46:09
38302257020456,0483-222-215,Matthew Johnson,"Suite 302  038 Brittany Avenue Martinezfort, VIC, 2667",michaelheath@moore-ballard.org,2013-09-24 06:28:39
48431775674818,0464.426.943,Sheryl Gonzalez,"Level 7  0 Carol Walk Lake George, WA, 3196",michaelhudson@yahoo.com,2013-01-24 16:09:13
72457533345087,+61 3 8913 8032,Amanda Walker,"60 Crystal Park East Mary, QLD, 2907",stephen88@smalllake.com.au,2013-06-08 15:35:09
01701361633657,4467.7675,Amanda Kelly,"Suite 969  1 Ali Meander Christinabury, QLD, 0258",billgreen@hall.com.au,2013-08-29 18:14:01
51626328205163,+61 3 4256 6485,Richard Jackson,"Suite 395  2 Ashley Ground West Thomas, NSW, 2619",zmason@keller.edu.au,2014-07-08 10:49:58
06035267807889,03-9162-9274,Nicole Bush MD,"Unit 67  9 Dean Gardens Michelleville, QLD, 2368",nelsonchristine@mann.info,2012-11-02 14:07:46
51365417454249,+61289290837,Richard Pennington,"5 Kevin Garden Victorbury, NSW, 0918",johnlane@hotmail.com,2014-05-05 23:48:50
15175753571306,02.7851.6315,Jeffrey Lambert,"Suite 848  384 Adam Strip Robinsonberg, ACT, 2916",ndalton@gmail.com,2012-10-17 05:04:33
86055366648162,68896305,Matthew Johnson,"Suite 277  9 Warren Circle North Michaelfort, VIC, 2244",npaul@hotmail.com,2013-06-14 10:58:50
15031426782440,08 4341 9427,Amanda Bates,"31 Jeffrey Walkway Lake Dwayne, TAS, 2983",pfoster@sullivan.info,2013-01-26 06:39:32
56756077606471,+61 490 183 972,Amy Fisher,"5 /  349 Jones Common St. Kimberlyland, TAS, 8856",jon59@anderson.net,2013-11-30 22:35:14
62261404637831,+61-499-109-806,Paul Pham,"72 Michelle Arcade Nicholasmouth, QLD, 2539",vasquezbrenda@smalllake.com.au,2012-03-14 01:43:43
27860453750301,4411.5189,Mark Gonzales,"6 Mark Basin Ericland, NSW, 2749",kellykelly@yahoo.com.au,2011-09-05 21:03:14
44127551733543,0449.403.643,Lori Heath,"36 Jenny Courtyard Chelseastad, WA, 2016",knoxmary@smalllake.com.au,2012-01-13 02:34:16
57446680170083,0495-963-526,Theresa Williams,"Apt. 681  4 Stanley Motorway New Eileen, ACT, 7277",dennis51@hotmail.com.au,2013-01-11 17:04:44
01258165320635,+61 496 151 741,Gary Werner,"Unit 49  93 Douglas Path Warrenburgh, NSW, 8755",john99@navarro-acosta.com,2012-12-24 10:07:00
74514322183806,02-9175-4704,Michael Velez,"Apt. 472  36 Elliott Trail Callahanbury, SA, 2619",jennifer73@yang-hamilton.edu,2011-10-19 06:10:40
45012523300535,0403-503-385,Anthony Padilla,"Suite 679  1 Warner Circuit East Alexa, NT, 2920",kenneth98@delgado-spears.com.au,2014-07-31 19:31:12
87272726703718,07-0123-3591,Joseph James,"Suite 994  02 Mann Fairway Davidshire, TAS, 5440",wanderson@chandler.org,2014-05-06 05:53:26
77670830578249,0246852823,Renee Cooper,"Unit 32  9 Palmer Footway Aguilarville, NSW, 2990",juliedavis@gmail.com,2013-10-11 19:46:46
86603051731819,(08) 6626 4091,Manuel Hahn,"463 /  603 Mann Bend Hillfort, WA, 2934",tranbethany@conway.com,2011-12-15 21:42:36
16662631213885,4978.9217,Kyle Jones,"96 Emily Slope North Joe, ACT, 2906",mmarshall@yahoo.com,2011-11-06 22:53:54
47762863081417,(03) 1706 4496,Roger Gordon,"58 Butler Dip Shanefort, NSW, 9469",amanda27@smalllake.com.au,2013-01-26 09:35:16
04488704514819,02 1190 5928,Michelle Koch,"Level 3  35 Griffin Circlet Lake Anthonystad, VIC, 1536",davidturner@smalllake.com.au,2013-12-05 16:42:01
31126410527682,03-1523-8183,Robert Leon,"038 /  440 Bernard Ground Lake Trevor, WA, 2226",courtneysimpson@gmail.com,2011-09-06 18:16:23
12558153411840,(03) 9723 7567,Kevin Cabrera,"4 Anthony Landing New Johnathan, WA, 2107",orozcomichael@hotmail.com,2011-09-07 02:04:51
63833455162281,0473.215.378,Jessica Carroll,"58 /  931 Roberts Hill Melissamouth, SA, 2413",brandonjohnson@yahoo.com.au,2013-05-10 12:31:03
31453681530848,0821425284,Jasmine Morse,"01 /  8 Wilson Riverway Port Peggyfurt, ACT, 8936",hwright@ford-cooper.biz,2012-01-28 04:49:42
00617236477078,(02)-0565-6870,Clifford Bates,"62 Skinner Amble West Wendy, WA, 2667",bakerbrittany@hotmail.com.au,2011-12-05 18:10:45
23382856586025,07.8595.6399,Elizabeth White,"85 Brian Ramp Mcneilmouth, NSW, 7706",gutierrezalicia@hotmail.com,2013-08-11 16:16:56
87003627665000,02 1325 9506,Regina Cook,"Suite 749  6 Riggs Distributor Kimberlychester, TAS, 2986",kyle04@davis.edu.au,2012-07-04 10:08:46
71624550641754,0462-728-699,Mr. Samuel Welch,"62 /  5 Powell Parkway Gloriaberg, VIC, 2661",fordwilliam@berry.com,2013-05-23 05:50:40
38834231076053,0942 1766,Nathan Sanchez,"7 Mcneil Entrance St. Hector, QLD, 2955",theresacalderon@gmail.com,2014-05-21 10:28:12
31377711531727,7214 9806,Shannon Woods,"8 Rogers Roadside North Mallorybury, VIC, 0215",watkinsjames@smalllake.com.au,2013-04-01 14:22:53
62856682602188,0390091671,Natasha Garcia,"7 /  720 Calvin Alley North Dustinville, WA, 2943",xedwards@hotmail.com,2013-07-15 22:09:21
88843856156369,0478.260.115,Regina Welch,"97 Miller Ramble West Erik, ACT, 2946",dannygaines@yahoo.com,2012-12-23 04:48:43
84312153678573,8480-3812,Joseph Reyes,"Flat 97  18 David Pocket New Susan, VIC, 2209",dakotaellis@hotmail.com.au,2013-07-30 23:46:13
45142418657507,4708 5570,Paul Ross,"46 /  43 Smith Ridgeway Roymouth, NT, 4044",bradleyjames@hotmail.com.au,2014-01-28 02:25:46
86127027426026,3892-0980,Jennifer Wells,"3 /  66 Smith Underpass Harrisonport, WA, 2692",ashleylee@mitchell.org,2013-08-13 18:41:22
54436876655509,+61-3-9812-3302,Mary Farmer,"61 /  75 Nichols Cutting Lake Justin, TAS, 2227",salazarstephanie@gmail.com,2013-02-26 09:40:09
88404503247553,(03) 0748 7747,Barbara Reyes,"182 Payne Cutting South Scottmouth, ACT, 2640",jennifer74@yahoo.com.au,2012-09-12 13:25:23
32532645185502,9834-7742,Michelle Ware,"015 Stephen Wynd West Kayla, NT, 2653",thomasryan@hotmail.com,2011-11-02 12:41:38
77256218686148,0498-745-553,Mary Sanchez,"168 Carl Route Tiffanyshire, WA, 2619",adrian26@houston.com,2013-09-16 10:43:37
70616068708817,9025 8108,Amber Lawrence,"788 /  99 Deborah Riverway Gordonmouth, NT, 2692",robin27@smalllake.com.au,2013-07-09 16:15:39
17028032108685,+61.7.2005.6066,Juan Grimes,"24 Whitney Formation Port Tylerview, WA, 0970",brandon42@brown.edu.au,2013-12-10 02:15:34
77036244730844,+61207304139,Thomas Yu,"48 /  973 Elizabeth State Highway Lake Stephenbury, TAS, 2577",walter87@hotmail.com,2013-06-02 04:03:51
77635055368101,03-4083-5770,James Petersen,"402 Hall Terrace St. Joel, QLD, 9334",johnsonjeffrey@yahoo.com,2013-05-24 15:06:48
27730402823564,+61-2-4353-7572,Robyn Davis,"85 James Lane North Jessica, SA, 2917",charlesmaldonado@trevino.info,2012-09-02 14:24:38
06620433584006,02-5272-7954,Stephanie Clark,"Flat 56  32 Robert Riverway Garciachester, NSW, 2640",lisa38@edwards.com,2014-03-10 15:25:49
45534116134871,+61 2 8332 7033,Amy Sellers,"56 Scott Concourse Richardmouth, QLD, 2035",zowens@case.net,2014-07-06 12:25:37
20022164161646,3446-6601,Eric Smith,"95 Davidson Follow Lake Latoyamouth, TAS, 2916",howardtaylor@hotmail.com,2013-06-17 10:27:45
88586317845530,+61-404-929-550,Stephen Compton,"Level 0  4 Mackenzie Brace Tarastad, QLD, 2612",davidsonshane@yahoo.com.au,2013-04-29 21:16:29
87320805341761,(07)12401556,David Townsend,"468 Barron Ring New Cherylview, WA, 2671",michaelbaxter@armstrong-woods.com.au,2014-08-11 00:35:32
74507732384639,8635-0048,Alyssa Jones,"475 Dillon Rest Thomasshire, QLD, 2409",wendynavarro@moyer-kane.com,2011-08-25 21:58:51
53780178417220,+61-415-689-601,Robert Anderson,"58 Petersen Gate Haroldmouth, ACT, 2619",katherine35@smith-livingston.com.au,2012-12-24 04:50:21
34106226373202,02471796,Evan Booth,"7 Gregory Circle South Kathleen, NSW, 2363",esparzabrittany@hotmail.com,2011-10-02 10:30:35
72356072021029,30594352,Tyrone Phelps,"66 Diamond Fairway Barnettland, SA, 2202",ellischarles@hotmail.com.au,2013-12-30 03:24:51
68834827816604,0413-0076,Joanne Martin,"Apt. 631  44 May Block North Claire, NSW, 2619",anthonywells@yahoo.com.au,2014-06-30 13:37:14
84205877186482,+61 466 488 767,Monique Robbins,"07 Gregory Vale East Stacy, NSW, 2022",debbie96@davis.biz,2013-07-20 09:29:01
54676156618120,+61.2.5415.8413,Darlene Wong,"3 Anthony Court Osbornetown, NSW, 2646",kristinsolis@smalllake.com.au,2013-07-24 10:36:59
51258378054310,9958.0807,Edward Mitchell,"628 /  221 Joseph Triangle Brownfort, WA, 4616",kelliehunter@yahoo.com.au,2012-10-28 19:24:12
54665034225281,08-4470-7885,Alan Robinson,"3 Emily Villas Port Joshua, NSW, 2908",barbaraharris@howard-rodriguez.net,2012-06-23 22:27:43
55076835246026,(08).1849.2094,Barbara Williams,"Unit 70  769 Rebekah Mews West Ginaville, TAS, 0974",stacey17@gmail.com,2013-08-28 01:11:58
65128007505403,0772811433,Sandra Young,"11 Parker Quays East Rhonda, SA, 2805",yhoffman@harper.biz,2011-10-20 21:25:21
76351648278776,+61837948395,Robert Smith,"Level 9  2 Rodriguez End Cummingston, NSW, 2637",schroederpatrick@gmail.com,2011-10-11 02:23:50
24653122322848,0453-155-339,Angela Drake,"5 Hayes Link Audreybury, NT, 6180",ovelazquez@jordan.edu,2012-02-07 21:49:39
81647153036266,0420-313-652,Amber Mills,"Level 9  3 Kelly Estate Deborahborough, NT, 3091",parkerdarren@yahoo.com.au,2013-01-12 18:22:45
53575166533784,+61 448 990 392,Jacqueline Mcclure,"Level 2  271 Jackson Basin Mariahmouth, VIC, 2901",weberjohn@chung.org.au,2013-09-14 23:53:01
53255263041516,(07).7653.7006,Cameron Garcia,"Suite 148  475 Drake Crossroad Port Jamestown, SA, 0273",donaldvelasquez@gmail.com,2013-10-14 18:52:52
05710057684358,(07).2192.7688,Rachel Roberts,"3 Price Range West Noah, TAS, 2619",jryan@hotmail.com,2013-08-31 09:45:36
16352138372741,91881765,James Williams,"10 /  4 Stanley Circlet Welchstad, VIC, 4440",thomaselizabeth@yahoo.com.au,2012-01-20 01:42:53
13328547428883,2985.9751,Debra Whitney,"19 Christopher Reach Jamesberg, WA, 2040",ryanwalsh@yahoo.com,2014-06-11 17:41:20
26081312534009,03 1308 1860,Amanda Harmon,"Apt. 954  4 Rebecca Artery New Alan, SA, 2481",wcarr@gmail.com,2013-12-10 01:42:25
16113737715074,0311.1540,Stacy Jones,"590 Patricia Hill Josephton, NT, 2699",andreahuber@hotmail.com.au,2013-01-18 17:08:59
64152086053105,0473 727 196,Larry Thompson,"520 Miguel Range Lake Andre, QLD, 2992",mark77@hotmail.com,2013-02-08 12:53:48
13522135007272,+61.7.4223.3329,Katie Conrad,"Level 2  1 Roger Corso Palmerview, VIC, 2920",martinezthomas@herrera.com.au,2013-09-26 12:20:15
33548502121465,(07).0458.4449,Kyle Roberts,"Apt. 579  669 May Outlook Port Christine, QLD, 7500",llester@yahoo.com,2013-03-19 12:07:25
52111585848085,1698-7998,James Pugh,"Flat 93  21 Brown Ridgeway Port Jason, VIC, 2996",carl13@cobb.net,2012-08-07 09:17:45
35575537364100,(02) 9102 4531,Evan Doyle,"Apt. 756  493 Allen Walk South Michael, ACT, 2093",pwaller@hotmail.com.au,2014-03-28 21:03:57
33526188440844,9580-0165,Shane Carter,"69 Perez Spur West Zachary, WA, 2290",wilsonjoseph@ponce-prince.net,2013-12-13 08:27:56
30822641138034,0412 444 108,Barbara Myers,"Unit 89  4 Judy Crossing Port Brandyshire, TAS, 2281",benjaminkane@herrera-gutierrez.edu.au,2013-03-04 14:14:45
32762670538509,+61-431-507-556,John Graham,"03 Trujillo Ramp Hernandezbury, WA, 2286",tsmith@yahoo.com,2013-09-28 18:49:12
78018030251513,+61-2-2376-9288,Paul Porter,"Suite 318  709 Marshall Beach New Brent, SA, 2766",heatherjackson@smalllake.com.au,2011-09-16 18:31:56
47376420018844,+61 7 9281 0730,Deborah Bass,"7 Potter Motorway Gailland, QLD, 2068",angela09@scott-williams.net,2012-02-05 08:50:15
85546442851765,08-4139-5570,Andrew Chang,"5 Jacob Amble Danaborough, NT, 0244",ortizheidi@skinner.org.au,2013-07-12 17:00:00
42525082457745,+61771275769,Jerome Chapman,"080 Thomas Cul-de-sac East Emily, WA, 2620",carpenternathaniel@grant.org,2012-01-25 05:22:37
06886440717843,0468-937-058,Megan Duffy,"Suite 446  89 Alexander Arcade East Amandachester, NSW, 2693",dbonilla@yahoo.com.au,2012-07-14 09:19:46
10136376736748,+61.485.135.716,Brittany Powell,"29 Hancock Approach North Robert, SA, 0951",lewisjose@bishop.net,2013-10-27 01:01:12
53588300680248,07-2538-0693,Jennifer Alvarez,"3 Duran Brace Woodston, QLD, 2935",kevin08@hotmail.com.au,2012-12-09 16:53:27
22538500638211,(02).2738.6889,Joseph Patel,"684 Chelsea Subway St. Hunterport, VIC, 2942",colemanjeffrey@yahoo.com.au,2013-05-22 20:23:13
74453183375466,0365819610,Brian Valdez,"Unit 02  78 Patty Follow South Martin, NSW, 2494",taylortaylor@hotmail.com,2014-07-03 19:21:34
17054482370726,03 3827 8412,Barbara Esparza,"99 Reilly Deviation Wrightshire, VIC, 2932",justin00@yahoo.com.au,2013-09-29 19:02:27
32572046863146,+61.8.3935.7307,Erica Gomez,"923 /  56 Daniel Amble Michelleborough, VIC, 3314",wmejia@hotmail.com.au,2012-08-11 22:39:34
31044826740505,(03) 2737 6274,Terry Ramsey,"38 Melissa Vale West Angela, VIC, 3562",emily95@gonzalez.info,2012-03-09 09:03:53
14604167778126,7127 9962,Sandra Mcdonald,"Apt. 850  187 Gray Bypass St. Marieside, WA, 2619",whitematthew@hotmail.com,2011-10-10 22:15:32
57422000835043,+61.433.997.242,John Landry,"3 Fleming Roadway Morganside, NT, 2290",ayersjohnny@hotmail.com,2014-03-22 17:44:36
72062364517614,+61-455-494-950,Eric Garcia,"0 Raymond Lookout Tyronemouth, TAS, 4428",kdunn@fisher.org.au,2013-09-23 23:02:47
41454521511202,(03) 4048 3131,Brandy Mccoy,"76 /  090 Christine Fairway Adamsbury, QLD, 2849",robertsonronald@yahoo.com.au,2014-01-21 11:34:02
