51741566523141,52180130,Patricia Harris,"56 Julie Brace West Raymondport, WA, 3547",jenniferhogan@woods.biz,2013-02-21 21:58:39
20060552006272,03 6408 6134,Lisa Atkins DDS,"32 Schneider Mews Palmermouth, NT, 2536",briannorton@james-gonzalez.edu,2014-06-06 19:31:53
35688882070851,+61.412.191.514,Holly Long,"49 Kimberly Rue Montgomerytown, NSW, 6523",wjohnson@hotmail.com.au,2012-08-14 18:35:25
57742666744872,08-7568-3345,Maria Caldwell,"675 Cory Outlook Lake Justinport, NSW, 2954",tayloreric@yahoo.com.au,2012-03-23 15:48:07
26056027577051,0476 834 896,Thomas Bell,"Apt. 107  222 Young Range Benjaminbury, QLD, 2569",starkdavid@hotmail.com.au,2013-08-11 08:43:19
70487327344081,0463-330-779,Crystal Harris,"293 Olson Circus Harrisville, TAS, 2819",blakejohnson@jordan-foley.info,2014-02-13 07:49:32
28720278731832,(03)-7069-3324,Olivia Bailey,"34 /  85 Andrew Crossing North Kenneth, SA, 2914",wrightchad@quinn-green.edu.au,2012-12-29 05:04:22
28280156288118,02 3395 2041,Kathleen Gonzales,"49 Angela Reserve North Tara, SA, 2618",cvillanueva@hotmail.com,2012-01-13 00:17:04
41741282120127,(02).1194.4000,Russell Merritt,"0 Delgado Arcade Lynchburgh, NT, 2972",vickiegoodwin@smalllake.com.au,2013-03-14 01:19:46
86666817434504,0493-947-590,Dr. Phillip Carlson,"853 Fowler Mount Aliberg, WA, 2932",larrypineda@bowman.org,2011-12-15 17:09:40
07724312608813,0449.077.331,Derek Fletcher,"61 /  2 Patel Cross Bushshire, NT, 2942",nataliemoreno@gmail.com,2013-08-12 15:18:51
86533053781773,+61.461.528.643,Stephanie Harrington,"Unit 66  22 Morris Wynd North Jacob, VIC, 2690",krista71@bond.biz,2013-06-08 07:43:43
25823823102017,(03)-2040-1750,Jessica Duncan,"12 Kyle Rise Port Denise, NT, 5835",meyerashley@yahoo.com,2013-09-05 15:50:07
37432584266689,+61 470 321 101,Kevin White,"900 Patricia Quay Jamesfurt, NT, 2064",twest@lopez.edu.au,2014-06-11 01:51:22
01464281541671,+61.427.998.411,Daniel Olsen,"536 Thomas Road Port Kyleport, TAS, 2920",hjones@smalllake.com.au,2012-06-09 04:27:23
70833800706721,+61-456-928-589,Kenneth Gonzales,"44 Francis Top Tammymouth, NSW, 2902",allenchris@rodriguez-hayes.edu.au,2012-08-24 23:44:43
36871555138730,+61.489.985.222,Manuel Alexander,"08 /  117 Joe Rotary Yvonneland, VIC, 2920",jmoreno@yahoo.com.au,2014-05-07 19:12:43
42048063252535,+61 8 4667 4483,Kristin Wilson,"221 Chandler Broadway East Timothymouth, NT, 2619",ryan67@watson.com.au,2012-07-16 17:37:52
66616512660612,0416 261 566,Hannah Fuller,"055 /  233 Hall Wynd St. Philip, WA, 2619",clarkkarl@smalllake.com.au,2012-08-27 22:04:16
70151541782058,+61 412 247 367,Alison Smith,"6 Dustin Range Hannamouth, NSW, 2750",traceymiller@harrison.org.au,2012-02-10 00:41:26
21036883102475,(03)53323843,Laurie Hernandez,"2 Mark Rotary Castillotown, ACT, 0972",wbell@huber.biz,2014-01-23 16:39:56
03283526461605,+61-2-0481-8523,Brandon Mays,"0 Wiggins Roadway St. Dana, WA, 2638",josephperez@moore.org,2013-02-28 02:04:41
62557788511078,(02)-3781-2863,Shane Adams,"Unit 63  1 Andrew Strand New Michaelstad, VIC, 2608",pmitchell@west.edu,2013-08-17 22:39:12
80586403511451,+61850981513,Briana Rodgers,"255 Aaron Byway Jamesshire, VIC, 7369",muellermatthew@yahoo.com.au,2013-07-22 03:55:34
51275482221062,0156 7362,Melanie Deleon,"0 /  607 Holland Lower North Hannah, SA, 2032",hardinghunter@gonzalez.org.au,2012-07-31 20:09:20
78170368570840,08.7995.0820,Glenn Clark,"Level 0  09 Berry Colonnade Rodriguezshire, SA, 2571",janetpeck@smalllake.com.au,2012-09-14 11:25:28
74861877021671,6222.2073,Andrew Charles,"5 Matthew Sound Stephaniestad, QLD, 2979",vmartinez@scott-nelson.net.au,2013-12-11 16:17:44
16674771236336,1368 9772,Dale Gibson,"9 Michelle Track Matthewport, NT, 2962",danielsjulie@fisher-sharp.net,2013-10-29 12:27:34
51048501360422,8365 4420,Chad Gibson,"Level 6  65 Huff Quad Burkebury, VIC, 4630",samuel62@ruiz-wilson.edu.au,2013-02-01 14:52:10
58140473037301,+61.2.5571.4327,John Torres,"Unit 94  290 Traci Tarn Lisaland, WA, 2920",hcaldwell@bailey.org.au,2012-06-03 00:41:18
04568376761604,+61 7 8146 1442,Brandon Lee,"401 Smith Little West Kimberlyville, NT, 2610",kristina33@holland-peterson.net.au,2012-03-04 05:13:40
00124544604627,0226531563,Charles Chandler,"800 Devin Line Port Steven, QLD, 2133",longjohn@casey-mcintyre.org,2013-10-23 09:43:58
16360605351588,(02).4483.8768,Austin Ortega,"Apt. 592  592 Corey Rise Christopherville, NSW, 2919",coxmichael@hotmail.com.au,2014-02-25 04:17:59
08226424851644,(02).5740.0393,Cindy Simpson,"Flat 57  49 Brown Strand New Emily, TAS, 2714",meganbeck@cummings.org.au,2014-03-22 03:52:15
60322274453013,(02)-5172-7096,Hannah Bender,"258 Stephens Reserve West Monica, NSW, 5897",maxwell30@hotmail.com.au,2012-03-14 12:39:04
83885576676057,(07)-1562-9061,Justin Stark,"Level 9  27 Anderson Steps Monicaside, QLD, 2687",gstanley@hotmail.com,2012-04-22 03:43:22
46374017814076,+61.8.8002.0280,Taylor Hardy,"147 /  774 Blair Hill Williamsfurt, SA, 5597",lisagross@yahoo.com,2012-03-27 19:30:37
62461472021832,07-9535-5424,Curtis Garcia,"504 Trevor Parklands Tiffanyfurt, TAS, 2369",irivera@hill.org,2013-10-16 13:47:49
34760833387801,(03)61719582,Melissa Olson MD,"37 Pham Mall St. Christinaside, QLD, 2016",boonekatie@gray-walker.net,2013-06-08 07:03:17
07373365387200,89595970,Samantha James,"Suite 843  436 Justin Upper Douglasville, NT, 2688",eabbott@james.org,2013-05-23 07:12:36
70640377745555,08 0943 4972,Larry Dudley,"22 /  093 Johnson Roads Nobleburgh, VIC, 3188",crystal44@yahoo.com,2013-10-12 12:22:40
64272111036033,2978-7309,Justin Yoder,"91 Harris Break Kelseymouth, NT, 2628",thall@gmail.com,2013-09-18 17:53:32
83076054855206,+61 484 220 929,Jordan Brown,"3 Carrie Siding Gutierrezfort, SA, 2920",krystal98@schultz.com.au,2014-07-31 20:01:42
21400767512183,07.9543.1720,Michael Norris,"8 Jennifer Bend West Jeffreyside, QLD, 2650",charlesterry@smalllake.com.au,2013-04-03 18:22:46
50262381443218,+61 7 4756 0373,Jonathan Rivera,"083 Clark Foreshore Deanview, TAS, 2823",christinawalker@peterson-wheeler.org,2013-01-14 17:25:05
74281070408607,0217118740,Erica Sweeney,"Unit 00  9 Watts Riviera Sherifort, VIC, 2922",marmstrong@hotmail.com.au,2013-03-31 03:03:24
58802563023319,(02)-0028-2052,Evelyn Haynes,"4 Jerome Vale Carlosburgh, VIC, 2880",caseybryan@ellis.info,2014-08-07 22:26:54
18044570483558,0354-6573,Jessica Barrett,"3 /  72 Morrison Towers Lake Vanessatown, NSW, 0255",ohenry@murphy.org,2014-02-26 10:22:31
52704758227818,+61888684213,Anthony Jones,"Unit 80  40 Myers Dale West Garyside, TAS, 2968",barbara43@gmail.com,2014-06-06 02:21:31
06152218203856,0471 9711,Howard Moreno,"223 Kim Gates Kimberlyside, TAS, 2901",kristen69@aguirre.net.au,2011-12-08 03:02:33
